"","f1_irr","f2_rel","f3_rel","f4_rel","f5_irr","f6_rel","f7_irr","f8_rel","f9_irr","f10_irr","target"
"1",0,0,1,1,1,0,1,1,0,0,1
"2",1,0,0,0,0,0,0,1,0,0,1
"3",1,1,1,1,0,0,1,1,0,1,0
"4",1,1,1,1,1,0,1,1,0,1,0
"5",0,0,0,0,1,1,0,1,1,1,0
"6",1,1,0,1,1,1,1,1,0,1,0
"7",0,0,1,1,0,0,1,1,0,0,1
"8",0,0,0,0,1,1,0,0,1,0,1
"9",0,1,0,0,1,0,0,0,0,1,1
"10",1,1,0,1,1,0,1,0,0,1,0
"11",0,0,1,1,0,1,0,1,1,0,0
"12",1,0,1,1,1,1,0,0,0,0,1
"13",1,1,1,0,0,1,1,1,1,0,0
"14",1,1,1,0,1,0,0,1,0,0,1
"15",0,1,0,0,1,0,0,1,1,0,0
"16",1,0,0,0,0,0,1,0,1,1,0
"17",0,0,0,0,1,0,1,1,0,1,1
"18",1,0,0,1,0,0,0,0,0,1,1
"19",0,0,0,0,0,1,1,1,0,1,0
"20",0,0,1,0,0,0,1,0,0,1,1
"21",0,0,0,1,1,0,0,0,1,0,1
"22",1,1,1,0,0,1,1,1,0,0,0
"23",1,1,1,1,1,1,1,0,1,0,0
"24",0,0,1,1,1,1,0,0,1,1,1
"25",0,1,1,1,1,0,1,1,1,0,0
"26",0,1,1,1,0,1,1,0,1,1,0
"27",0,1,1,0,0,0,0,1,1,1,1
"28",1,1,0,1,0,0,0,1,0,1,1
"29",0,1,1,0,1,0,0,0,1,1,0
"30",1,1,0,1,0,0,0,0,1,1,0
"31",1,0,0,0,1,0,1,1,0,1,1
"32",0,0,0,0,0,1,0,1,1,0,0
"33",0,0,0,1,0,0,0,0,1,0,1
"34",1,0,1,0,0,1,1,1,0,1,1
"35",1,1,1,0,1,1,0,1,1,1,0
"36",0,1,0,1,0,1,1,0,0,1,1
"37",1,0,0,0,1,0,1,0,1,0,0
"38",0,1,0,1,1,0,1,1,1,0,1
"39",1,1,0,1,0,0,1,0,0,1,0
"40",0,1,1,1,0,0,1,1,0,0,0
"41",0,0,1,0,1,0,0,1,0,1,0
"42",0,0,0,0,0,0,0,0,0,1,0
"43",1,1,1,1,1,1,1,0,1,1,0
"44",0,1,0,0,0,1,1,0,0,0,0
"45",0,0,0,0,1,0,0,0,0,0,0
"46",0,0,1,0,0,0,1,0,1,0,1
"47",1,0,1,1,1,0,1,1,0,1,1
"48",1,0,1,0,0,0,0,1,1,0,0
"49",0,0,1,0,0,0,1,0,1,1,1
"50",1,1,0,0,1,0,1,0,0,1,1
"51",1,0,1,0,0,0,0,0,0,0,1
"52",1,1,1,0,0,0,0,0,1,1,0
"53",0,1,1,0,0,1,0,1,0,1,0
"54",1,1,1,1,1,0,0,1,1,1,0
"55",0,0,0,0,1,1,1,0,0,0,1
"56",1,0,0,1,1,0,1,0,1,0,1
"57",1,1,0,0,1,0,0,1,1,1,0
"58",1,0,1,1,1,1,1,0,0,1,1
"59",1,0,0,1,1,1,0,1,1,1,1
"60",0,1,1,1,1,1,0,0,1,0,0
"61",1,0,0,0,1,1,1,0,1,0,1
"62",0,1,1,0,0,1,0,0,0,0,1
"63",1,0,1,0,1,0,0,0,0,1,1
"64",1,0,1,0,1,1,1,0,1,1,0
"65",0,1,1,1,0,1,1,1,0,0,1
"66",1,1,1,0,1,1,1,1,1,1,0
"67",1,1,1,0,0,0,0,1,1,0,1
"68",1,1,0,0,1,1,1,1,0,0,1
"69",0,1,0,1,1,0,1,1,1,1,1
"70",0,1,1,1,1,1,1,0,1,1,0
"71",1,0,0,1,0,0,0,0,0,0,1
"72",0,0,0,1,0,0,0,1,0,1,0
"73",0,0,1,1,0,0,0,0,0,1,0
"74",0,1,1,1,1,0,0,1,0,0,0
"75",1,1,1,0,1,0,1,0,1,0,0
"76",1,0,1,0,0,0,0,1,0,1,0
"77",1,0,1,1,0,0,1,1,1,0,1
"78",0,0,1,0,0,0,0,0,1,1,1
"79",0,0,0,0,0,0,1,1,0,1,1
"80",0,1,0,1,1,1,1,1,1,0,0
"81",0,0,0,0,1,0,0,1,0,1,1
"82",1,0,0,0,0,1,0,1,0,1,0
"83",0,1,1,1,0,0,0,0,1,0,1
"84",1,1,1,0,0,1,1,0,0,0,1
"85",0,0,1,0,0,1,1,0,1,1,0
"86",0,0,1,1,1,1,1,1,0,0,0
"87",0,1,0,0,1,0,0,1,1,1,0
"88",1,1,0,0,0,0,0,1,0,0,0
"89",1,0,1,1,1,1,1,0,1,1,1
"90",0,0,0,1,0,1,0,1,0,0,1
"91",1,1,1,0,0,1,1,1,0,1,0
"92",1,0,0,0,0,0,0,1,0,1,1
"93",1,1,0,1,0,0,1,0,1,0,0
"94",0,1,1,1,0,0,1,1,0,1,0
"95",1,0,1,0,1,0,1,0,0,1,1
"96",1,0,1,0,1,0,1,0,0,0,1
"97",1,1,1,0,0,0,1,0,1,1,0
"98",0,1,0,1,0,1,0,0,0,0,1
"99",0,0,1,1,0,1,0,0,0,1,1
"100",1,1,0,0,0,1,0,0,1,0,0
"101",0,1,1,1,1,1,1,1,1,1,1
"102",1,1,1,1,0,0,0,0,1,1,1
"103",1,0,1,1,1,1,0,1,1,1,0
"104",1,0,0,0,0,0,1,1,1,0,1
"105",1,1,1,0,1,0,1,1,1,0,1
"106",1,1,0,1,0,0,0,1,1,1,1
"107",0,1,0,0,1,1,0,1,1,1,1
"108",1,1,1,0,1,1,0,1,1,0,0
"109",0,0,0,0,0,1,0,1,1,1,0
"110",1,1,0,1,0,0,1,0,0,0,0
"111",1,0,0,1,0,0,0,1,1,1,0
"112",0,1,1,1,1,0,1,1,0,1,0
"113",1,1,0,1,1,0,1,1,0,0,1
"114",1,1,0,1,0,0,1,1,0,1,1
"115",0,1,0,0,0,1,0,1,1,1,1
"116",1,0,1,0,1,1,0,0,1,1,0
"117",0,1,1,0,1,1,1,1,0,1,0
"118",1,1,0,0,1,0,1,1,1,0,0
"119",1,0,0,1,1,1,0,0,0,1,0
"120",1,1,0,0,1,0,0,0,1,0,1
"121",0,0,1,0,1,0,0,1,1,1,0
"122",0,1,0,1,1,0,0,1,0,0,1
"123",1,1,1,1,1,1,0,1,1,0,1
"124",1,1,1,0,1,1,0,1,0,0,0
"125",0,1,0,0,0,0,1,0,0,1,1
"126",1,0,0,0,1,1,1,1,1,1,0
"127",1,0,1,0,1,1,0,1,0,0,1
"128",1,0,0,1,0,1,0,0,1,0,0
"129",1,0,1,0,0,1,1,0,1,0,0
"130",0,1,0,1,1,1,0,0,1,1,1
"131",1,0,1,0,0,0,1,0,1,1,1
"132",0,1,1,0,1,0,0,0,0,0,0
"133",1,1,0,0,1,0,0,1,0,0,0
"134",0,0,0,1,0,0,1,0,0,0,1
"135",0,0,0,0,1,1,1,1,1,1,0
"136",0,0,0,0,0,0,0,0,0,0,0
"137",0,1,0,1,1,1,0,0,0,1,1
"138",1,1,0,0,0,1,1,0,0,0,0
"139",1,1,1,1,0,1,0,1,1,1,1
"140",1,0,0,1,0,0,0,0,1,1,1
"141",0,1,1,1,0,1,0,1,1,1,1
"142",1,1,0,1,0,1,1,0,1,1,1
"143",1,0,1,1,1,1,0,1,0,1,0
"144",0,1,0,0,1,1,1,1,0,0,1
"145",1,1,0,0,0,1,0,1,0,0,1
"146",0,1,0,0,1,1,0,0,0,1,0
"147",0,1,1,1,0,1,1,1,1,0,1
"148",1,1,0,1,1,0,1,0,1,1,0
"149",1,1,0,1,1,1,1,0,1,0,1
"150",1,1,0,0,0,1,0,0,1,1,0
"151",1,1,1,0,1,1,1,1,1,0,0
"152",1,1,0,1,1,0,0,1,0,1,1
"153",1,0,0,0,1,1,1,1,1,0,0
"154",0,0,1,0,0,1,0,0,1,1,0
"155",0,0,1,0,0,1,1,1,1,1,1
"156",0,0,1,1,1,1,0,1,1,0,0
"157",1,1,0,1,0,1,0,1,1,0,0
"158",1,1,1,1,0,1,1,0,1,1,0
"159",0,0,1,1,0,1,1,1,1,0,0
"160",0,1,1,1,1,0,0,1,1,1,0
"161",0,1,1,0,0,0,0,1,1,0,1
"162",1,1,0,0,0,1,1,1,0,0,1
"163",1,1,0,0,1,0,0,1,1,0,0
"164",0,1,1,1,1,1,0,1,0,0,1
"165",1,1,1,1,0,1,1,0,0,1,0
"166",0,0,1,1,1,1,0,0,1,0,1
"167",0,1,0,1,0,0,0,0,1,0,0
"168",1,0,1,0,1,0,0,1,1,1,0
"169",1,1,1,1,0,0,1,1,1,1,0
"170",1,0,1,0,0,1,1,1,0,0,1
"171",0,1,0,1,0,0,0,0,0,1,0
"172",1,0,1,1,1,1,0,0,0,1,1
"173",1,0,1,0,1,0,1,0,1,1,1
"174",1,1,1,1,0,0,1,0,1,0,1
"175",1,0,1,1,0,1,1,0,0,0,1
"176",0,0,1,0,0,0,1,1,1,1,0
"177",0,1,0,0,0,1,0,0,0,0,0
"178",1,0,1,0,0,0,0,1,1,1,0
"179",1,0,1,0,1,1,1,1,0,1,1
"180",1,0,1,0,0,1,0,0,0,1,0
"181",1,1,1,1,0,0,1,0,0,1,1
"182",0,1,0,0,0,1,1,1,0,1,1
"183",1,1,1,1,0,1,1,0,0,0,0
"184",1,1,0,0,0,0,1,0,0,0,1
"185",0,0,0,0,0,0,1,0,1,0,0
"186",1,0,1,0,0,0,0,0,1,1,1
"187",0,1,1,1,1,0,0,0,1,0,1
"188",1,0,1,1,0,0,0,1,0,0,1
"189",1,1,0,1,1,0,0,0,0,1,0
"190",0,0,0,1,1,1,1,0,0,0,0
"191",1,0,0,0,1,0,1,0,0,0,0
"192",1,0,0,0,0,1,0,1,1,1,0
"193",0,1,1,0,1,0,0,1,0,1,1
"194",1,1,0,0,0,0,0,0,0,0,1
"195",1,1,0,1,0,1,1,1,1,1,0
"196",0,1,1,0,1,0,1,1,0,1,1
"197",0,0,0,1,1,0,1,0,0,0,1
"198",1,0,1,1,1,0,1,0,1,0,0
"199",0,1,0,0,0,1,0,1,0,1,1
"200",1,1,0,0,0,0,1,1,1,0,0
"201",1,1,0,1,0,0,0,0,0,0,0
"202",1,1,0,1,0,0,1,1,1,0,1
"203",0,1,1,1,1,0,1,0,0,0,1
"204",1,0,0,0,0,1,1,1,1,1,0
"205",0,1,0,0,1,0,1,0,0,0,1
"206",1,0,1,1,0,0,1,1,0,0,1
"207",1,1,0,1,0,1,1,1,0,1,0
"208",0,1,1,0,0,1,0,0,1,1,1
"209",0,0,1,0,0,0,0,0,0,0,1
"210",1,1,1,1,0,0,1,1,1,0,0
"211",1,0,1,0,1,0,1,1,1,0,0
"212",1,0,1,0,0,0,1,1,0,0,0
"213",0,1,1,1,1,1,1,0,1,0,0
"214",0,1,0,1,1,1,0,1,0,1,0
"215",0,0,0,1,1,0,1,1,0,0,0
"216",1,0,1,0,0,1,0,0,0,0,0
"217",0,1,0,1,0,1,0,1,0,1,0
"218",0,1,1,1,1,1,0,1,1,0,1
"219",1,1,1,1,0,0,0,1,0,0,0
"220",1,1,1,0,0,1,0,1,1,0,0
"221",0,0,0,1,1,1,0,1,0,1,1
"222",0,1,0,0,1,0,1,1,0,0,0
"223",1,0,1,0,1,1,0,0,0,1,0
"224",1,1,0,0,1,1,0,0,0,0,0
"225",1,0,0,1,0,1,0,0,0,0,0
"226",1,0,0,0,1,0,0,1,1,0,1
"227",0,1,0,1,0,1,0,0,0,1,1
"228",1,0,0,1,0,1,1,1,1,0,1
"229",1,0,0,1,1,1,1,0,0,0,0
"230",0,1,1,1,0,1,1,0,1,0,0
"231",0,1,1,0,1,0,0,1,1,0,1
"232",1,1,0,1,0,0,1,0,1,1,0
"233",0,0,1,0,0,0,0,1,1,0,0
"234",1,0,0,1,1,0,1,1,1,1,0
"235",0,1,0,0,0,0,1,1,1,1,0
"236",0,1,1,0,0,0,0,1,0,1,1
"237",0,0,1,0,0,1,0,0,1,0,0
"238",1,0,1,0,1,0,0,0,0,0,1
"239",1,0,0,0,0,0,1,0,0,0,0
"240",1,1,0,1,1,0,0,0,1,0,0
"241",0,0,0,0,0,1,0,0,0,1,1
"242",1,1,1,1,0,0,0,0,0,1,1
"243",1,0,1,1,1,1,0,1,1,0,0
"244",0,1,1,1,1,1,1,1,0,0,1
"245",1,0,0,1,1,0,1,0,1,1,1
"246",1,1,0,0,1,1,0,1,0,0,1
"247",1,0,1,0,1,0,1,1,0,0,0
"248",0,0,0,0,1,0,0,1,1,1,1
"249",0,1,0,0,1,0,0,0,1,0,1
"250",1,1,1,0,0,1,1,0,1,0,1
"251",0,0,0,0,0,0,0,1,0,0,1
"252",0,0,1,0,0,1,0,1,0,1,1
"253",1,1,1,1,1,0,1,0,1,1,1
"254",0,0,0,1,0,1,1,0,1,0,0
"255",1,1,1,0,1,0,1,1,0,0,1
"256",1,0,1,0,0,1,0,0,1,1,0
"257",0,0,1,1,1,0,1,1,0,1,1
"258",0,0,0,1,0,0,1,1,0,1,0
"259",0,1,0,1,0,0,0,1,0,0,1
"260",1,1,0,0,0,0,1,0,0,1,1
"261",0,0,0,1,1,0,1,0,0,1,1
"262",0,0,0,0,0,0,0,0,1,1,0
"263",1,1,1,0,0,0,1,1,1,1,1
"264",1,0,0,0,1,1,0,0,1,0,1
"265",1,1,0,0,0,0,1,0,1,1,1
"266",1,0,0,0,1,1,1,0,1,1,1
"267",0,1,0,0,0,1,1,0,1,1,0
"268",0,0,0,0,0,0,0,1,0,1,1
"269",0,1,1,0,0,0,0,0,1,0,0
"270",1,0,1,0,0,1,1,0,0,0,0
"271",1,0,0,1,1,1,1,1,1,0,1
"272",1,0,1,1,0,0,0,0,1,0,0
"273",1,1,0,0,1,1,1,1,1,1,1
"274",0,0,1,0,1,0,1,1,1,0,0
"275",0,0,1,1,0,0,0,1,0,1,1
"276",0,0,0,0,0,0,1,1,0,0,1
"277",1,1,0,1,0,0,0,0,0,1,0
"278",1,0,0,1,0,0,0,1,0,0,0
"279",1,1,1,0,0,1,0,1,0,1,0
"280",1,0,0,0,0,1,1,1,1,0,0
"281",0,0,1,0,0,1,1,0,1,0,0
"282",1,0,1,1,0,1,0,1,0,0,0
"283",1,0,1,0,0,0,1,0,0,0,1
"284",1,1,0,1,1,1,0,1,1,1,0
"285",0,0,1,0,1,0,1,1,0,0,0
"286",1,1,0,1,0,0,1,1,0,0,1
"287",0,0,1,0,1,1,0,1,1,1,1
"288",0,0,0,1,0,1,1,0,1,1,0
"289",0,0,1,0,0,1,0,1,1,1,1
"290",1,1,0,1,1,1,0,0,0,1,1
"291",0,0,1,0,1,1,1,1,1,0,1
"292",1,1,0,0,1,1,1,1,0,1,1
"293",0,1,0,1,1,1,0,1,0,0,0
"294",0,0,0,0,1,1,1,1,0,0,0
"295",1,0,0,1,0,1,1,1,0,1,1
"296",0,0,1,1,1,0,1,1,1,0,1
"297",0,0,0,1,1,1,0,0,1,1,0
"298",0,1,0,1,0,1,1,0,1,1,1
"299",1,1,0,1,0,1,1,1,1,0,0
"300",1,1,1,1,1,1,1,1,0,0,1
"301",1,0,1,0,1,1,1,1,1,1,1
"302",0,1,1,0,1,1,1,0,0,1,1
"303",0,0,0,1,0,1,1,1,1,1,1
"304",0,0,1,1,0,0,1,1,1,1,1
"305",1,1,1,0,0,0,1,1,1,0,1
"306",0,0,1,1,1,1,1,1,0,1,0
"307",0,0,0,1,1,0,0,1,1,1,0
"308",0,0,0,1,1,1,1,0,1,0,0
"309",0,0,1,1,0,1,0,0,1,1,1
"310",0,0,0,1,0,1,0,0,1,0,0
"311",1,1,1,0,0,1,1,0,0,1,1
"312",1,0,1,1,1,0,0,0,0,0,0
"313",0,1,0,1,0,0,0,1,1,1,1
"314",0,1,0,1,1,0,1,1,0,1,1
"315",1,0,0,1,1,0,1,1,0,0,0
"316",0,1,0,0,0,0,1,1,0,0,0
"317",0,0,0,1,0,0,1,1,0,0,0
"318",0,0,0,1,1,1,0,1,1,1,1
"319",1,1,1,0,1,1,0,0,0,0,1
"320",0,0,1,0,1,0,1,1,1,1,0
"321",0,1,0,0,0,1,0,0,0,1,0
"322",0,0,1,1,0,0,1,0,0,1,0
"323",0,0,1,1,1,1,1,0,1,0,1
"324",1,1,0,0,1,0,0,0,0,0,1
"325",1,1,1,1,0,0,0,0,1,0,1
"326",1,1,1,0,0,0,1,1,0,1,1
"327",0,1,0,0,0,1,0,1,0,0,1
"328",0,0,0,1,1,1,1,1,1,0,1
"329",0,1,0,1,0,0,1,0,0,0,0
"330",0,1,1,0,1,1,0,1,1,1,0
"331",1,1,0,1,1,1,1,0,1,1,1
"332",1,1,1,0,0,1,1,1,1,1,0
"333",0,0,1,1,1,1,0,0,0,1,1
"334",0,0,0,1,1,0,0,1,0,1,0
"335",0,0,1,1,0,1,1,0,1,0,1
"336",0,0,0,0,1,0,1,1,1,1,1
"337",1,1,1,1,1,0,1,1,1,0,0
"338",0,1,1,0,0,0,1,0,0,1,0
"339",0,1,0,1,0,0,1,1,0,1,1
"340",1,0,1,1,0,1,1,1,0,1,0
"341",1,1,0,0,0,1,0,0,0,1,0
"342",0,0,1,0,1,0,0,1,1,0,0
"343",0,1,1,1,0,0,0,1,0,0,0
"344",1,1,1,1,1,1,1,1,0,1,1
"345",0,1,1,1,1,0,0,0,0,1,1
"346",1,0,0,1,0,0,0,0,1,0,1
"347",1,0,0,1,1,0,0,0,0,0,1
"348",0,1,0,1,1,0,1,0,1,0,0
"349",0,1,1,1,1,0,0,1,1,0,0
"350",0,1,0,1,1,0,1,0,0,0,0
"351",0,1,1,0,0,1,0,1,1,1,0
"352",1,1,0,0,1,1,1,1,1,0,1
"353",0,0,1,1,1,1,1,0,0,0,1
"354",0,0,0,0,1,0,1,0,0,0,0
"355",0,1,1,0,1,0,0,1,0,0,1
"356",0,1,1,0,1,1,0,0,1,1,1
"357",1,0,0,0,1,1,1,0,0,0,1
"358",1,1,1,1,1,1,0,1,1,1,1
"359",1,0,1,1,0,0,0,0,0,0,0
"360",0,1,1,0,1,1,1,1,0,0,0
"361",0,0,1,0,0,1,1,1,0,0,1
"362",0,1,0,1,0,1,0,0,1,1,1
"363",1,0,0,0,0,0,0,0,1,0,0
"364",1,1,0,1,1,1,1,1,1,1,0
"365",0,1,1,0,1,0,0,0,0,1,0
"366",0,0,1,0,1,1,0,0,1,0,0
"367",0,0,0,0,0,0,1,1,1,1,1
"368",1,0,1,1,1,0,1,0,0,1,0
"369",0,1,1,0,1,1,1,0,1,0,1
"370",0,1,0,0,0,0,0,0,0,1,1
"371",1,1,0,0,1,0,1,1,0,1,0
"372",1,0,1,0,1,0,0,1,0,0,0
"373",1,1,1,1,1,1,1,0,0,1,0
"374",0,0,0,0,0,1,0,1,0,1,0
"375",0,1,0,1,0,0,1,1,1,1,1
"376",1,1,1,0,0,1,0,1,0,0,0
"377",0,0,1,1,0,0,0,1,1,0,1
"378",0,0,1,1,1,0,1,0,0,0,0
"379",1,0,1,0,0,0,0,0,0,1,1
"380",0,1,0,1,1,0,0,0,0,0,0
"381",1,1,1,0,1,1,0,0,0,1,1
"382",0,1,0,0,0,0,0,1,1,1,0
"383",1,0,1,0,0,0,1,1,0,1,0
"384",0,0,1,0,0,0,0,0,1,0,1
"385",0,0,1,1,1,0,0,0,0,1,0
"386",1,1,1,1,0,1,1,1,0,0,1
"387",0,0,0,1,1,0,1,0,1,1,1
"388",1,1,1,1,1,1,0,0,0,1,0
"389",1,1,0,0,0,0,1,0,1,0,1
"390",1,0,1,1,0,0,0,1,1,1,1
"391",0,0,0,1,1,1,0,0,0,0,0
"392",0,1,0,1,0,1,0,1,1,1,0
"393",0,1,1,0,0,1,1,0,1,1,1
"394",0,1,1,0,0,1,1,1,0,0,0
"395",0,0,1,1,1,0,0,1,0,0,1
"396",1,1,1,1,0,0,1,0,1,1,1
"397",1,1,1,1,1,0,0,0,0,0,1
"398",1,1,0,1,0,0,1,1,1,1,1
"399",1,1,0,1,1,0,0,1,1,0,1
"400",1,0,0,0,1,0,0,0,0,0,0
"401",1,0,0,0,1,0,0,0,0,1,0
"402",1,0,0,0,0,1,1,1,0,0,0
"403",0,1,1,1,1,0,1,0,1,0,1
"404",0,0,0,1,1,0,1,1,1,1,0
"405",1,1,1,1,0,0,0,0,0,0,1
"406",0,0,0,1,1,1,0,0,0,1,0
"407",1,1,1,1,0,1,0,0,1,0,0
"408",0,0,1,1,1,0,0,0,0,0,0
"409",1,1,0,0,0,0,0,0,1,0,1
"410",0,1,0,0,1,0,1,1,1,1,0
"411",1,0,1,1,0,0,1,0,1,1,0
"412",1,0,1,1,1,1,0,0,1,0,1
"413",1,1,1,1,1,0,1,1,1,1,0
"414",1,0,0,0,0,1,0,0,0,0,1
"415",1,1,1,1,0,0,0,1,1,0,0
"416",1,1,0,0,0,1,1,0,1,0,0
"417",1,1,0,1,1,0,0,1,0,0,1
"418",0,0,0,0,0,0,0,1,1,1,1
"419",1,1,1,0,1,0,0,1,1,0,1
"420",1,0,1,0,1,1,0,1,0,1,1
"421",0,0,0,0,1,1,1,1,0,1,0
"422",1,0,1,1,0,0,1,0,0,1,0
"423",1,1,0,1,1,1,0,0,0,0,1
"424",0,1,0,1,1,1,0,1,1,1,0
"425",1,0,0,0,0,0,0,0,0,0,0
"426",1,0,1,1,1,0,0,0,1,1,0
"427",1,1,1,0,0,1,0,0,1,1,1
"428",0,1,0,1,0,1,1,1,1,0,0
"429",1,0,0,1,0,0,1,0,1,1,1
"430",1,0,0,1,1,0,0,0,1,1,1
"431",1,1,0,1,1,0,1,1,1,1,1
"432",1,1,0,1,0,1,1,1,0,0,0
"433",0,1,1,0,1,1,0,0,1,0,1
"434",1,0,1,0,1,1,0,0,0,0,0
"435",0,0,0,0,1,1,1,0,0,1,1
"436",1,1,1,0,1,1,1,1,0,1,0
"437",0,0,1,1,1,0,0,1,1,0,1
"438",1,1,1,0,1,0,0,0,1,0,0
"439",0,1,0,1,1,0,1,1,0,0,1
"440",0,1,1,1,0,0,1,0,1,0,1
"441",0,1,1,0,1,1,0,1,0,1,0
"442",0,1,0,0,1,1,0,0,0,0,0
"443",1,1,0,1,0,1,0,1,0,1,0
"444",0,0,1,1,0,0,0,1,0,0,1
"445",1,0,1,1,0,1,1,0,1,1,1
"446",1,1,0,0,1,1,1,0,1,1,0
"447",1,1,1,0,1,0,1,1,1,1,1
"448",0,0,1,0,1,0,0,0,0,0,1
"449",0,1,0,0,0,1,1,1,0,0,1
"450",0,0,0,0,1,1,1,1,1,0,0
"451",0,0,1,0,1,0,0,0,0,1,1
"452",0,0,1,0,0,1,1,1,0,1,1
"453",1,1,0,1,1,0,0,0,1,1,0
"454",1,0,0,1,0,1,0,1,1,1,1
"455",0,0,0,1,1,0,1,1,1,0,0
"456",1,0,0,0,1,1,0,1,1,1,0
"457",1,1,1,1,1,1,0,0,0,0,0
"458",0,1,1,0,1,1,1,0,1,1,1
"459",0,0,0,0,1,1,0,0,1,1,1
"460",1,1,1,1,1,1,1,1,1,0,1
"461",0,1,0,1,1,1,1,0,1,1,1
"462",1,1,1,1,1,0,0,0,1,1,1
"463",0,0,0,1,0,0,0,1,0,0,0
"464",0,0,0,1,0,1,0,0,1,1,0
"465",1,0,1,1,1,0,0,1,0,1,1
"466",0,0,0,1,0,0,1,0,1,0,1
"467",0,1,0,1,0,1,0,1,0,0,0
"468",0,1,0,1,0,1,0,1,1,0,0
"469",1,0,1,1,1,0,1,1,1,0,1
"470",0,0,0,0,1,0,0,0,0,1,0
"471",1,0,1,0,0,0,1,0,0,1,1
"472",0,0,0,0,1,1,0,1,1,0,0
"473",0,1,1,1,0,0,1,0,0,0,1
"474",0,0,0,1,0,1,1,1,0,1,1
"475",0,1,0,0,1,0,0,0,0,0,1
"476",0,0,1,0,1,1,0,1,0,0,1
"477",0,1,0,0,0,1,1,1,1,0,1
"478",0,1,0,1,0,0,0,1,1,0,1
"479",0,1,1,0,1,1,1,1,1,1,0
"480",0,1,0,0,1,0,1,0,1,0,1
"481",0,1,1,1,1,0,0,0,0,0,1
"482",1,0,0,1,1,0,1,1,0,1,0
"483",1,0,1,1,1,1,1,1,0,0,0
"484",0,1,0,1,0,0,0,0,0,0,0
"485",0,0,1,0,1,0,0,0,1,1,1
"486",0,1,1,0,0,0,0,0,0,1,0
"487",0,0,1,1,0,1,0,0,1,0,1
"488",0,0,1,1,1,1,1,0,0,1,1
"489",0,1,1,0,0,1,1,0,0,1,1
"490",1,0,1,0,1,0,0,1,1,0,0
"491",1,0,0,0,1,0,0,1,1,1,1
"492",1,1,1,1,0,0,1,0,0,0,1
"493",0,0,1,1,0,0,1,0,0,0,0
"494",1,0,1,1,0,1,1,1,1,1,0
"495",1,1,1,1,0,1,0,1,0,0,1
"496",1,1,0,0,0,1,1,0,0,1,0
"497",1,1,1,0,0,1,0,0,0,1,1
"498",0,0,0,0,0,1,0,0,1,0,1
"499",1,0,1,1,1,0,0,1,1,1,1
"500",1,1,1,0,1,1,1,0,0,1,1
"501",1,0,1,0,1,1,0,0,1,0,0
"502",0,1,0,0,0,0,1,0,1,0,1
"503",0,0,1,0,0,0,0,1,0,1,0
"504",1,0,0,1,0,1,1,1,0,0,1
"505",1,1,0,1,1,0,1,0,1,0,0
"506",0,0,0,1,1,0,0,0,0,1,1
"507",0,1,0,0,1,1,0,1,0,1,1
"508",0,1,0,0,1,1,1,0,0,1,0
"509",1,1,0,0,0,0,1,1,0,0,0
"510",0,0,1,1,0,0,1,1,1,0,1
"511",1,0,0,1,1,1,0,0,0,0,0
"512",1,0,0,1,1,1,1,1,0,0,1
"513",0,0,1,0,1,0,1,0,0,1,1
"514",1,1,1,1,0,1,0,1,1,0,1
"515",0,0,0,0,1,1,0,1,0,1,0
"516",0,1,1,1,1,0,1,1,0,0,0
"517",0,0,1,1,0,0,0,1,1,1,1
"518",1,0,1,1,1,1,1,1,0,1,0
"519",0,1,0,0,1,1,1,1,1,1,1
"520",1,0,1,1,1,0,1,0,0,0,0
"521",1,0,1,1,1,0,1,1,1,1,1
"522",1,0,1,1,0,0,0,0,0,1,0
"523",0,0,1,1,0,1,1,0,1,1,1
"524",0,1,1,0,1,0,1,0,1,0,0
"525",0,0,0,1,0,1,0,1,1,0,1
"526",0,1,0,1,0,1,1,1,0,1,0
"527",0,0,0,0,0,1,0,0,0,0,1
"528",0,1,0,1,0,1,1,1,0,0,0
"529",0,0,1,1,0,1,1,0,0,1,1
"530",0,1,0,0,0,0,0,0,1,0,1
"531",1,0,0,1,1,0,0,0,1,0,1
"532",1,1,0,0,0,0,0,1,0,1,0
"533",1,1,1,0,1,0,1,1,0,1,1
"534",1,1,0,1,1,0,1,1,0,1,1
"535",1,0,1,1,1,0,0,0,0,1,0
"536",1,0,1,0,0,1,1,1,1,0,1
"537",1,0,0,0,1,1,1,1,0,1,0
"538",1,0,0,0,1,0,1,1,1,0,1
"539",1,1,1,0,0,0,0,0,0,0,0
"540",0,0,1,0,1,1,1,0,1,1,0
"541",1,0,1,0,1,0,1,0,1,0,1
"542",0,0,1,0,1,1,1,1,0,0,1
"543",0,0,0,0,0,1,1,1,1,0,0
"544",0,0,0,0,0,0,1,0,0,0,0
"545",1,0,1,1,1,1,0,0,1,1,1
"546",1,1,1,1,0,1,1,1,1,1,1
"547",0,0,1,0,0,1,1,1,1,0,1
"548",1,1,0,1,1,1,0,0,1,0,1
"549",0,0,0,0,0,1,0,0,1,1,1
"550",0,1,1,0,1,0,0,0,1,0,0
"551",0,1,0,1,1,0,0,0,0,1,0
"552",0,1,1,1,0,0,0,1,0,1,0
"553",0,1,1,0,0,0,0,0,0,0,0
"554",1,0,1,1,1,0,0,0,1,0,0
"555",0,1,1,0,1,0,1,0,0,1,0
"556",1,1,0,1,0,1,1,0,0,1,1
"557",0,1,1,0,1,1,0,0,0,1,1
"558",1,0,1,0,0,0,0,1,0,0,0
"559",1,1,0,1,1,1,1,0,0,0,1
"560",1,0,0,1,1,1,1,1,0,1,1
"561",1,1,0,0,0,0,0,1,1,1,0
"562",1,0,0,0,0,1,0,0,0,1,1
"563",1,0,1,1,0,0,1,1,0,1,1
"564",1,0,0,1,1,1,1,0,0,1,0
"565",1,0,0,0,0,0,1,0,1,0,0
"566",1,1,1,0,1,0,0,1,0,1,1
"567",1,0,1,1,1,1,1,1,1,1,0
"568",0,0,0,1,1,1,0,1,1,0,1
"569",1,1,1,1,1,1,0,1,0,1,1
"570",1,0,0,0,0,1,0,0,1,0,1
"571",1,0,0,0,1,0,0,0,1,0,0
"572",0,1,0,1,0,0,1,1,0,0,1
"573",0,0,1,0,0,0,1,1,0,0,0
"574",1,0,0,0,0,0,1,1,0,0,1
"575",0,0,1,1,1,0,0,1,1,1,1
"576",1,1,0,0,0,1,0,1,1,1,1
"577",0,1,1,1,1,1,0,0,0,0,0
"578",1,0,1,1,0,1,0,1,0,1,0
"579",1,0,1,1,0,1,0,0,1,0,1
"580",0,0,1,1,0,0,1,1,0,1,1
"581",0,1,0,0,0,0,1,0,0,0,1
"582",0,0,1,0,0,1,1,0,0,0,0
"583",0,1,0,1,0,0,1,0,1,1,0
"584",0,0,1,1,1,1,0,1,0,0,0
"585",0,1,0,0,1,1,0,0,1,1,0
"586",0,1,0,0,0,0,1,0,1,1,1
"587",0,1,1,1,0,0,1,0,1,1,1
"588",0,0,1,1,0,0,0,0,1,0,0
"589",0,0,1,1,0,1,0,1,0,0,0
"590",0,0,1,1,1,1,0,1,0,1,0
"591",1,0,0,1,0,1,1,0,1,1,0
"592",0,0,0,0,0,1,0,1,0,0,0
"593",0,0,0,0,0,1,1,0,1,1,1
"594",0,1,1,0,1,1,1,0,0,0,1
"595",0,1,1,1,0,1,0,0,0,0,0
"596",1,0,1,0,0,1,0,1,1,0,1
"597",1,1,0,1,0,1,0,0,0,1,1
"598",1,1,0,0,1,0,1,0,1,0,1
"599",1,1,1,1,1,0,0,0,0,1,1
"600",0,0,1,0,0,1,0,0,0,0,0
"601",0,1,0,0,1,0,1,0,1,1,1
"602",0,1,1,1,1,0,1,0,0,1,1
"603",1,0,0,0,1,0,0,1,0,0,1
"604",0,1,1,1,0,1,0,1,0,1,1
"605",0,0,0,1,1,1,1,1,1,1,1
"606",0,1,1,1,1,1,0,1,0,1,1
"607",1,0,1,1,0,1,0,0,1,1,1
"608",1,0,1,0,1,0,0,0,1,1,1
"609",0,0,1,1,1,0,1,0,1,1,0
"610",0,1,1,1,0,0,0,1,1,0,0
"611",1,0,0,1,0,1,1,1,1,1,1
"612",0,0,0,1,1,0,1,1,0,1,0
"613",1,0,1,1,0,1,1,0,0,1,1
"614",1,0,1,1,1,1,1,1,1,0,0
"615",0,1,1,1,0,0,0,0,0,1,1
"616",1,1,0,0,1,1,1,0,0,0,0
"617",1,0,0,1,1,0,1,0,0,1,1
"618",1,0,0,0,0,1,1,0,0,1,1
"619",1,1,0,0,1,1,0,1,0,1,1
"620",1,0,1,0,1,0,0,1,0,1,0
"621",0,0,0,1,0,0,0,1,1,1,0
"622",1,0,0,1,0,0,1,1,0,0,0
"623",0,0,0,1,1,0,0,0,1,1,1
"624",1,1,1,0,1,1,0,1,0,1,0
"625",0,1,1,1,1,1,0,1,1,1,1
"626",0,0,0,1,0,0,0,0,0,1,1
"627",0,0,1,0,1,0,0,0,1,0,1
"628",1,0,0,0,1,0,0,0,1,1,0
"629",1,0,0,0,0,1,0,1,0,0,0
"630",1,1,1,0,0,0,0,1,0,1,1
"631",0,1,1,1,0,0,0,0,1,1,1
"632",1,0,0,1,1,0,0,1,1,0,0
"633",1,1,0,0,1,0,0,0,1,1,1
"634",0,1,1,0,0,0,1,1,0,1,1
"635",1,1,1,0,1,0,1,0,0,1,0
"636",0,0,1,1,0,1,1,1,1,1,0
"637",0,1,1,0,0,1,1,0,0,0,1
"638",1,0,0,0,0,0,1,0,0,1,0
"639",0,1,1,1,0,0,0,1,1,1,0
"640",0,1,1,0,0,1,1,1,1,1,0
"641",0,0,0,1,0,0,0,0,0,0,1
"642",0,0,1,1,0,1,0,0,0,0,1
"643",1,1,0,0,1,1,0,1,1,1,1
"644",0,0,0,0,1,0,1,0,0,1,0
"645",1,1,1,0,0,0,0,1,0,0,1
"646",0,0,1,0,1,1,0,1,0,1,1
"647",0,0,1,0,0,0,1,1,1,0,0
"648",1,0,1,1,0,0,1,0,0,0,0
"649",1,0,0,1,1,1,0,0,1,1,0
"650",0,0,0,0,1,0,0,1,0,0,1
"651",1,1,1,1,0,1,1,1,0,1,1
"652",0,1,1,0,1,1,0,0,0,0,1
"653",1,1,1,0,0,0,1,0,1,0,0
"654",1,0,1,0,0,1,0,0,1,0,0
"655",0,1,1,0,0,1,0,1,1,0,0
"656",1,1,0,1,0,0,0,1,1,0,1
"657",0,1,0,1,0,1,1,1,1,1,0
"658",0,0,1,1,0,1,0,1,1,1,0
"659",0,1,0,1,1,1,0,0,0,0,1
"660",0,1,1,0,1,0,1,1,0,0,1
"661",1,0,0,0,1,1,0,1,1,0,0
"662",0,0,0,0,0,1,1,0,0,0,1
"663",1,1,1,1,1,0,0,1,1,0,0
"664",1,1,0,1,0,0,0,1,0,0,1
"665",0,0,1,0,1,1,0,0,0,0,0
"666",1,0,0,0,1,1,0,0,1,1,1
"667",0,1,0,0,0,0,1,1,0,1,0
"668",1,1,0,1,0,1,0,0,1,0,1
"669",1,1,1,0,1,1,1,0,0,0,1
"670",0,0,1,0,1,1,1,0,0,1,0
"671",0,0,0,0,0,1,1,1,1,1,0
"672",1,1,1,1,0,0,0,1,0,1,0
"673",0,1,1,1,1,1,1,0,0,0,0
"674",0,0,0,1,0,1,0,1,0,1,1
"675",0,1,1,0,0,1,0,1,0,0,0
"676",1,1,0,1,1,1,1,1,0,0,0
"677",0,0,0,0,1,1,0,0,0,1,1
"678",1,1,0,0,1,0,0,0,0,1,1
"679",1,1,0,0,1,0,1,0,0,0,1
"680",1,1,0,1,0,1,0,1,1,1,0
"681",1,0,0,1,1,0,1,1,1,0,0
"682",0,1,1,0,0,1,1,1,0,1,0
"683",1,0,0,0,1,1,0,0,0,0,1
"684",1,0,0,1,1,0,1,0,0,0,1
"685",1,0,0,1,1,1,1,1,1,1,1
"686",0,0,1,0,1,1,0,0,1,1,0
"687",1,1,0,0,0,0,0,1,1,0,0
"688",0,1,0,0,0,1,1,0,1,0,0
"689",0,1,0,0,1,0,1,0,0,1,1
"690",1,0,0,0,0,1,1,0,1,1,1
"691",0,1,0,1,0,0,1,0,0,1,0
"692",0,1,0,1,0,0,1,0,1,0,0
"693",1,0,1,0,0,0,1,0,1,0,1
"694",1,0,1,1,1,0,1,0,1,1,0
"695",0,1,0,0,1,1,1,0,1,1,0
"696",0,0,1,1,0,0,1,0,1,1,0
"697",1,0,0,0,1,0,0,1,0,1,1
"698",0,0,1,1,0,1,1,0,0,0,1
"699",1,0,0,1,0,0,1,1,1,0,0
"700",0,1,1,1,0,1,1,1,1,1,1
"701",1,0,0,1,0,1,0,0,1,1,0
"702",1,1,0,0,1,0,0,1,0,1,0
"703",1,0,0,1,0,1,0,0,0,1,0
"704",0,1,0,0,1,1,1,1,1,0,1
"705",0,0,0,1,0,0,1,0,1,1,1
"706",0,1,0,1,1,1,0,1,1,0,0
"707",1,0,0,1,0,0,1,0,1,0,1
"708",0,1,1,1,0,0,0,0,0,0,1
"709",0,1,0,0,1,1,1,0,1,0,0
"710",1,0,0,1,1,1,1,0,1,1,0
"711",0,1,1,0,0,1,0,0,0,1,1
"712",1,1,0,0,1,1,0,0,1,1,0
"713",0,0,1,0,1,1,1,1,1,1,1
"714",1,1,0,1,1,1,0,0,1,1,1
"715",1,1,0,0,0,0,0,0,0,1,1
"716",0,1,0,1,1,1,0,0,1,0,1
"717",0,0,1,1,0,1,1,1,0,1,0
"718",1,0,1,0,1,1,1,0,0,0,0
"719",1,1,1,0,0,1,0,0,0,0,1
"720",0,1,0,1,1,0,1,0,1,1,0
"721",0,1,1,1,1,1,0,0,1,1,0
"722",0,1,1,0,0,0,1,1,0,0,1
"723",1,1,0,0,1,1,0,0,0,1,0
"724",1,0,0,0,1,0,1,1,1,1,1
"725",0,1,1,1,1,1,1,1,0,1,1
"726",0,0,0,1,0,1,1,1,0,0,1
"727",0,0,1,1,1,1,0,0,0,0,1
"728",1,1,1,0,0,0,0,1,1,1,1
"729",0,1,0,1,0,0,0,0,1,1,0
"730",1,0,1,1,0,0,1,1,1,1,1
"731",0,1,0,0,0,0,0,1,0,1,0
"732",0,0,0,1,1,1,1,0,0,1,0
"733",0,0,1,0,0,1,0,0,0,1,0
"734",1,0,1,1,0,1,0,1,1,1,0
"735",0,1,1,1,1,0,1,0,1,1,1
"736",0,0,1,0,0,1,0,1,0,0,1
"737",1,0,1,0,0,0,1,1,1,0,0
"738",1,0,0,0,1,1,1,0,0,1,1
"739",0,1,0,0,0,1,0,0,1,0,0
"740",0,1,0,1,0,0,0,1,0,1,1
"741",1,0,1,1,0,0,0,1,1,0,1
"742",1,0,0,0,1,1,0,1,0,0,0
"743",0,0,1,1,1,1,1,1,1,1,0
"744",0,0,0,1,1,0,0,1,0,0,0
"745",0,1,1,1,0,0,1,1,1,0,0
"746",1,0,1,0,0,1,0,1,0,0,1
"747",1,1,0,1,1,1,1,0,0,1,1
"748",0,0,0,0,0,0,0,0,1,0,0
"749",1,1,1,1,0,1,0,0,0,1,0
"750",1,1,0,0,0,1,0,1,0,1,1
"751",1,0,0,0,0,0,0,0,1,1,0
"752",0,1,1,0,1,1,1,1,1,0,0
"753",1,0,0,1,1,1,0,1,0,0,1
"754",1,1,1,1,0,1,0,0,1,1,0
"755",0,0,0,1,0,1,0,0,0,0,0
"756",0,1,0,0,1,0,0,1,0,0,0
"757",0,1,1,1,0,1,0,0,0,1,0
"758",1,0,0,0,0,1,1,1,0,1,0
"759",1,1,0,1,1,1,0,1,0,1,0
"760",0,1,1,0,0,0,0,1,0,0,1
"761",0,1,1,1,0,1,0,0,1,1,0
"762",0,1,0,1,1,1,1,0,1,0,1
"763",0,0,0,1,0,1,1,0,0,0,0
"764",1,1,1,1,1,1,0,0,1,1,0
"765",0,1,0,1,1,0,0,0,1,0,0
"766",0,0,1,1,1,0,0,0,1,1,0
"767",0,0,0,1,0,1,0,1,1,1,1
"768",0,1,0,0,0,0,1,1,1,0,0
"769",1,0,0,0,0,0,1,1,0,1,1
"770",1,0,1,0,0,1,1,0,1,1,0
"771",0,1,0,1,0,1,0,0,1,0,1
"772",1,0,1,1,0,1,1,0,1,0,1
"773",1,1,0,1,0,0,0,0,1,0,0
"774",1,1,1,1,1,0,1,0,0,1,1
"775",1,0,0,0,0,0,0,0,0,1,0
"776",1,0,0,1,1,0,0,0,0,1,1
"777",0,0,1,1,1,0,1,0,0,1,0
"778",1,1,1,1,1,1,1,0,0,0,0
"779",1,0,1,0,1,1,1,0,1,0,0
"780",1,0,1,0,1,1,1,1,1,0,1
"781",0,1,1,1,1,1,1,0,0,1,0
"782",1,1,1,0,1,1,1,1,0,0,0
"783",1,1,0,1,0,1,1,0,0,0,1
"784",0,1,0,1,1,0,0,1,0,1,1
"785",1,0,1,1,0,1,0,0,0,0,1
"786",0,0,1,0,1,0,0,1,0,0,0
"787",0,1,1,1,1,1,1,1,1,0,1
"788",1,1,0,1,1,1,0,1,0,0,0
"789",1,1,1,1,0,0,0,1,1,1,0
"790",0,0,1,0,1,0,1,1,0,1,0
"791",0,0,0,1,0,1,0,0,0,1,0
"792",0,0,0,1,1,1,1,1,0,1,1
"793",0,1,0,1,1,1,1,0,0,0,1
"794",0,0,0,0,0,0,1,0,0,1,0
"795",0,1,1,1,0,1,0,1,0,0,1
"796",1,1,0,0,1,0,1,1,1,1,0
"797",1,0,0,0,0,0,1,1,1,1,1
"798",1,0,1,1,0,1,1,1,1,0,0
"799",1,1,0,1,1,0,0,1,1,1,1
"800",1,1,1,0,0,0,1,1,0,0,1
"801",1,0,1,1,0,1,0,0,0,1,1
"802",0,0,0,0,1,0,0,1,1,0,1
"803",0,1,1,0,1,0,1,0,1,1,0
"804",0,1,0,0,1,0,1,1,0,1,0
"805",0,1,0,0,0,0,0,0,1,1,1
"806",0,1,0,1,1,0,0,1,1,0,1
"807",0,1,1,0,0,0,1,0,1,1,0
"808",0,0,0,1,1,1,0,0,1,0,0
"809",1,0,1,0,1,0,0,0,1,0,1
"810",1,1,0,1,0,1,0,0,0,0,1
"811",0,0,1,0,1,1,1,1,0,1,1
"812",1,0,1,0,0,1,0,1,1,1,1
"813",0,1,0,0,0,0,0,1,1,0,0
"814",1,1,1,1,0,1,0,0,0,0,0
"815",1,0,0,0,0,1,1,0,1,0,1
"816",0,0,1,0,0,1,1,0,0,1,0
"817",0,1,0,0,0,0,0,1,0,0,0
"818",1,1,0,1,1,0,0,0,0,0,0
"819",0,0,1,1,0,0,1,0,1,0,0
"820",1,0,1,1,1,1,1,0,0,0,1
"821",1,1,1,0,0,1,0,1,1,1,0
"822",0,0,0,0,1,1,1,0,1,1,1
"823",0,0,1,1,0,1,0,1,0,1,0
"824",1,0,0,1,1,0,0,1,1,1,0
"825",0,1,1,0,1,0,0,1,1,1,1
"826",0,1,1,0,1,1,0,1,1,0,0
"827",1,1,0,0,0,1,1,0,1,1,0
"828",0,1,0,0,1,1,0,1,1,0,1
"829",1,1,1,0,1,0,1,0,0,0,0
"830",1,1,1,1,1,1,1,1,1,1,1
"831",1,1,1,1,1,0,1,1,0,0,0
"832",1,0,1,0,1,1,0,1,1,0,1
"833",0,0,0,0,1,1,0,1,0,0,0
"834",1,1,1,1,1,0,1,0,0,0,1
"835",1,1,1,0,0,0,0,0,0,1,0
"836",1,0,0,1,1,1,0,1,1,0,1
"837",1,1,0,1,1,0,1,0,0,0,0
"838",1,1,0,0,0,0,1,1,1,1,0
"839",0,0,0,0,1,0,1,1,1,0,1
"840",1,1,0,0,1,1,1,0,0,1,0
"841",1,1,0,0,1,0,1,0,1,1,1
"842",1,0,0,1,0,1,0,1,0,1,1
"843",1,0,0,1,0,0,1,0,0,1,1
"844",1,0,1,0,1,0,1,1,0,1,0
"845",0,1,0,0,0,1,0,1,1,0,1
"846",0,0,1,0,1,1,1,0,0,0,0
"847",0,1,1,1,0,1,0,0,1,0,0
"848",0,0,1,1,0,1,1,1,0,0,0
"849",0,0,1,0,0,0,0,0,0,1,1
"850",0,0,0,1,1,1,1,0,1,1,0
"851",0,1,0,1,0,1,1,0,1,0,1
"852",0,0,0,0,0,1,1,0,1,0,1
"853",0,0,0,1,1,1,0,1,0,0,1
"854",1,0,0,1,0,0,0,1,1,0,0
"855",0,0,1,1,1,1,1,0,1,1,1
"856",1,0,0,0,1,1,1,1,0,0,0
"857",0,1,1,1,0,1,1,0,0,1,0
"858",1,1,0,0,0,1,1,1,1,0,1
"859",0,1,1,0,0,0,1,1,1,1,1
"860",1,0,0,1,1,1,1,0,1,0,0
"861",1,1,1,0,0,0,0,0,1,0,0
"862",0,0,1,0,0,0,0,1,1,1,0
"863",0,1,1,1,1,0,1,1,1,1,0
"864",1,0,0,0,0,1,1,0,0,0,1
"865",1,1,1,0,0,0,1,0,0,0,0
"866",0,0,0,0,1,1,0,0,0,0,1
"867",0,1,1,0,0,0,1,0,0,0,0
"868",0,0,1,0,1,0,1,0,1,1,1
"869",0,0,0,0,1,0,1,1,0,0,1
"870",0,0,0,0,0,1,1,1,0,0,0
"871",1,0,1,1,1,1,1,0,1,0,1
"872",1,1,0,1,1,1,0,1,1,0,0
"873",1,1,1,1,1,0,0,1,0,0,0
"874",1,0,1,0,0,1,1,1,1,1,1
"875",0,1,0,1,1,0,0,1,1,1,1
"876",1,0,0,0,1,1,0,1,0,1,0
"877",1,0,1,1,0,1,1,1,0,0,0
"878",1,0,0,1,1,0,0,1,0,0,0
"879",1,1,0,1,0,1,1,0,1,0,1
"880",1,0,0,1,1,1,0,0,1,0,0
"881",1,1,0,1,0,1,0,1,0,0,0
"882",0,1,1,0,1,0,1,0,0,0,0
"883",0,1,0,1,0,1,1,0,0,0,1
"884",1,1,0,0,0,1,0,0,0,0,0
"885",1,1,0,0,0,0,1,1,0,1,0
"886",1,1,1,1,0,1,1,0,1,0,0
"887",0,0,0,0,1,0,0,0,1,1,0
"888",0,0,0,0,0,0,1,1,1,0,1
"889",1,1,1,0,1,1,1,0,1,1,1
"890",0,0,1,0,0,0,1,1,0,1,0
"891",1,0,0,1,0,1,1,0,1,0,0
"892",1,0,0,1,0,1,0,1,0,0,1
"893",0,1,1,1,0,1,1,1,0,1,1
"894",1,0,0,0,0,1,0,0,1,1,1
"895",1,0,1,1,0,0,0,0,1,1,0
"896",1,0,1,1,1,0,1,1,0,0,1
"897",0,1,0,1,1,1,1,0,0,1,1
"898",0,0,0,1,0,0,1,1,1,0,0
"899",1,1,1,0,1,0,1,0,1,1,0
"900",1,0,0,1,1,0,0,1,0,1,0
"901",0,0,1,1,1,0,0,0,1,0,0
"902",0,0,0,0,0,0,1,0,1,1,0
"903",0,0,1,0,0,0,1,0,0,0,1
"904",1,0,1,0,1,1,0,1,1,1,1
"905",1,1,1,0,1,0,0,0,1,1,0
"906",0,1,1,0,1,1,0,1,0,0,0
"907",0,0,0,1,1,0,1,0,1,0,1
"908",1,1,0,1,1,1,1,1,1,0,0
"909",1,1,1,1,0,0,1,1,0,0,0
"910",0,0,0,1,1,0,0,1,1,0,0
"911",1,1,0,1,1,0,1,1,1,0,1
"912",0,0,1,1,1,0,1,1,1,1,1
"913",0,1,0,1,1,1,1,1,1,1,0
"914",0,0,1,0,0,0,0,1,0,0,0
"915",0,1,0,0,0,0,0,0,0,0,1
"916",1,1,0,0,0,1,0,1,1,0,1
"917",0,1,1,0,0,1,1,1,1,0,0
"918",1,1,0,0,0,1,1,1,0,1,1
"919",1,0,1,1,1,0,0,1,0,0,1
"920",1,0,0,1,0,1,0,1,1,0,1
"921",1,0,0,1,0,1,1,0,0,1,0
"922",1,0,1,0,1,1,1,1,0,0,1
"923",1,1,1,0,1,1,0,0,1,1,1
"924",0,0,0,0,0,0,0,1,1,0,1
"925",1,1,0,1,0,1,0,0,1,1,1
"926",1,0,1,0,0,0,0,0,1,0,1
"927",0,1,0,0,0,1,1,0,0,1,0
"928",0,0,1,1,0,0,0,0,0,0,0
"929",1,0,0,1,0,0,1,1,0,1,0
"930",1,1,0,0,0,1,1,1,1,1,1
"931",1,0,1,1,0,0,1,0,1,0,0
"932",0,0,1,1,1,0,1,0,1,0,0
"933",1,0,1,1,1,0,0,1,1,0,1
"934",1,1,1,1,1,1,0,0,1,0,0
"935",1,0,0,0,0,1,0,1,1,0,0
"936",1,0,0,0,1,1,0,0,0,1,1
"937",0,0,0,1,0,0,0,0,1,1,1
"938",0,0,1,0,0,1,0,1,1,0,1
"939",1,0,0,0,0,0,0,1,1,0,1
"940",1,0,1,0,0,1,0,1,0,1,1
"941",1,0,1,0,0,1,1,0,0,1,0
"942",1,0,1,0,0,0,1,1,1,1,0
"943",1,1,1,0,1,0,0,0,0,1,0
"944",0,1,0,0,1,1,1,1,0,1,1
"945",0,0,1,1,1,1,0,1,1,1,0
"946",0,1,1,0,0,1,1,0,1,0,1
"947",0,1,1,1,0,0,1,0,0,1,1
"948",0,1,1,0,0,1,0,0,1,0,1
"949",0,1,1,0,0,0,1,0,1,0,0
"950",1,1,1,0,0,1,0,0,1,0,1
"951",0,1,0,1,0,0,1,1,1,0,1
"952",1,0,1,0,1,0,1,1,1,1,0
"953",1,1,1,0,1,1,1,0,1,0,1
"954",0,0,0,1,0,0,1,1,1,1,0
"955",1,1,1,1,1,0,0,0,1,0,1
"956",1,1,0,0,1,0,1,1,0,0,0
"957",0,0,1,1,1,1,1,1,1,0,0
"958",1,0,0,1,0,0,0,1,0,1,0
"959",0,0,0,0,0,1,1,0,0,1,1
"960",0,0,0,1,1,0,0,0,0,0,1
"961",1,0,1,1,0,0,0,1,0,1,1
"962",1,0,0,0,1,0,1,0,1,1,0
"963",0,0,0,0,1,0,0,0,1,0,0
"964",0,0,0,1,0,1,1,0,0,1,0
"965",1,1,1,1,0,1,1,1,1,0,1
"966",1,0,0,0,0,0,0,1,1,1,1
"967",1,1,1,0,1,0,0,1,1,1,1
"968",1,0,0,1,0,0,1,0,0,0,1
"969",0,0,0,0,1,1,1,0,1,0,1
"970",0,1,1,1,0,0,1,1,1,1,0
"971",0,0,1,0,1,1,0,0,0,1,0
"972",0,1,0,0,0,1,0,0,1,1,0
"973",0,0,0,1,0,0,1,0,0,1,1
"974",1,1,0,0,1,1,0,0,1,0,0
"975",0,0,1,1,0,0,0,0,1,1,0
"976",0,0,1,1,1,0,0,1,0,1,1
"977",0,1,0,1,1,0,1,0,0,1,0
"978",1,1,1,1,0,1,0,1,0,1,1
"979",0,1,1,1,1,0,0,0,1,1,1
"980",0,1,1,0,0,0,1,1,1,0,1
"981",0,0,1,0,1,1,1,0,1,0,0
"982",0,0,1,0,1,0,1,0,1,0,1
"983",1,0,1,1,1,1,0,1,0,0,0
"984",1,1,1,1,1,0,1,0,1,0,1
"985",1,1,0,0,0,0,0,0,1,1,1
"986",1,1,1,0,0,1,1,0,1,1,1
"987",1,0,0,1,0,0,1,1,1,1,0
"988",0,0,0,1,0,0,0,1,1,0,0
"989",0,1,0,1,1,1,1,1,0,1,0
"990",1,0,0,0,1,0,1,0,0,1,0
"991",1,1,0,0,1,1,0,1,1,0,1
"992",1,0,1,0,1,1,1,0,0,1,0
"993",0,1,1,0,0,0,0,0,1,1,0
"994",1,0,1,1,0,1,0,1,1,0,0
"995",1,0,0,0,1,0,1,1,0,0,1
"996",1,1,1,0,1,1,0,0,1,0,1
"997",0,1,0,1,1,0,0,0,1,1,0
"998",0,1,0,0,1,1,1,0,0,0,0
"999",0,1,0,0,1,0,0,1,0,1,0
"1000",0,0,0,1,0,1,1,1,1,0,1
"1001",1,0,0,1,1,1,0,1,0,1,1
"1002",0,0,0,0,1,0,1,0,1,1,0
"1003",0,1,1,0,1,0,1,1,1,0,1
"1004",0,1,1,1,1,0,0,1,0,1,0
"1005",0,1,1,1,0,1,0,1,1,0,1
"1006",0,0,0,1,1,1,1,1,0,0,1
"1007",0,1,1,0,1,0,1,1,1,1,1
"1008",0,0,1,0,1,0,1,0,0,0,1
"1009",1,1,1,1,1,1,0,1,0,0,1
"1010",0,1,0,0,0,1,1,1,1,1,1
"1011",0,1,0,0,1,1,0,1,0,0,1
"1012",1,0,0,1,0,1,1,0,0,0,0
"1013",0,1,0,1,1,1,1,1,0,0,0
"1014",1,1,1,0,0,0,1,0,0,1,0
"1015",0,1,1,1,0,1,1,0,0,0,0
"1016",1,1,1,1,1,0,0,1,0,1,0
"1017",0,1,1,1,1,1,0,0,0,1,0
"1018",1,1,1,0,1,0,0,0,0,0,0
"1019",0,0,0,0,1,0,1,0,1,0,0
"1020",0,0,1,0,1,1,0,1,1,0,1
"1021",0,1,0,0,1,0,0,0,1,1,1
"1022",0,1,0,0,1,1,0,0,1,0,0
"1023",1,1,0,0,1,1,1,0,1,0,0
"1024",0,1,0,0,1,0,1,1,1,0,0
